level,page_num,block_num,par_num,line_num,word_num,left,top,width,height,conf,text
5,1,1,1,3,2,148,114,67,14,65.703529,invoice
5,1,1,1,4,2,244,135,56,45,67.715515,&
5,1,1,1,5,3,217,180,5,9,71.919296,7
5,1,1,1,7,2,352,232,1,3,96.423073,;
